metric,interaction_mean,ci_lo,ci_hi,n
rho_pearson,-0.0018430992612029685,-0.014758844631401466,0.010549895215417769,100
rho_spearman,-0.009086496271250556,-0.018545698620587373,0.0004846210620778479,100
tau_kendall,-0.007592023453815075,-0.015770972299126735,0.0009419565014320882,100
bin_var_slope,0.017607142857142863,-0.03752737887112885,0.07313143106893107,100
q90_q10_slope_diff,-0.004625989858746498,-0.013036845601002024,0.00362721486367856,100
