cond,n_rt,rho_pearson,rho_spearman,tau_kendall,bin_var_slope,qreg_slope_diff,corr_winit_h,skew_high_low_diff,hill_alpha_dG,n_rt_first_half,rho_pearson_first_half,rho_spearman_first_half,tau_kendall_first_half,bin_var_slope_first_half,qreg_slope_diff_first_half,n_rt_second_half,rho_pearson_second_half,rho_spearman_second_half,tau_kendall_second_half,bin_var_slope_second_half,qreg_slope_diff_second_half
C0u,1041712.0,0.3534540324940854,0.19437798534846262,0.1561026227272078,-0.20329670329670327,0.5833314122250048,-0.0006047862507781022,-0.13425603300301192,1.9196183650313774,520856.0,0.3566979338912701,0.19823112946267998,0.15937207195310324,-0.12637362637362637,0.5964888639992934,520856.0,0.35018952205933607,0.19052096097308607,0.1528277371971137,-0.34965034965034975,0.5833303565843817
C0p,1049903.0,0.34712915833025415,0.19234048827095768,0.1544576255080029,-0.23076923076923078,0.5964885520785128,-0.0026545087800846773,-0.09626190270909904,1.9650358548725293,524951.0,0.3396001057365824,0.1855979604666951,0.14884657883509536,-0.48571428571428577,0.5833310424332884,524952.0,0.3545336798526287,0.19909843839407393,0.16007959464654897,-0.21978021978021978,0.6060598667833212
C2,879.0,0.6091394717884212,0.4220597934915724,0.34158144730923085,-0.17575757575757575,1.8181807293523522,,-0.6847193754163361,3.168664424977859,439.0,0.6386116478361117,0.3324942905800163,0.27506087268550383,0.25,1.3624995081553979,440.0,0.5886377323205756,0.5030662385745209,0.4059594676889761,-0.38181818181818183,2.076921574639753
C3,1080.0,0.3329210577597882,0.2815973362111933,0.2215813973165104,-0.17272727272727276,0.9444182233756986,,-0.03559059127144127,2.9351604512367198,540.0,0.40374461856448257,0.2588772408362044,0.20558723736296455,-0.23636363636363633,0.8444439003999435,540.0,0.27687507826165375,0.2902407007762639,0.2270199057276132,0.0303030303030303,0.8999976769134266
interaction,,-0.26989353986480175,-0.13842496020287415,-0.11835505277351557,0.030502830502830508,-0.8869196458301616,,,,,-0.21776920111694142,-0.06098388074782701,-0.0589481422045314,-0.12702297702297694,-0.5048977861894494,,-0.31610681185221445,-0.22140301521924488,-0.18619141941079817,0.28225108225108214,-1.199653407925266
